Name,URL,Price,Cores,Threads,Frequency (GHz),Cache (MB),Socket
"AMD Ryzen 5 9600X Processeur (Radeon Graphique Intégré, 6 Coeurs/12 Threads, 65W TDP, Socket AM5, Cache 38Mo, jusqu'à 5.4 GHz Fréquence Boost, Pas de Ventilateur)",https://www.amazon.fr/AMD-RyzenTM-9600X-Processeur-Architecture/dp/B0D6NN6TM7/ref=sr_1_1?c=ts&dib=eyJ2IjoiMSJ9.WC7BW1lzxnYZkA-_yMFVP4IZs67-nl9pi303EHAmVdAwJ_wJSDdG9hbQgq2KlblTTkEYdWKmGJGpGgnXDU2HX-bUh9Tz1yTFHeMf8w-tw5dU2Rp8gUSIOiCIjoXSuE3jh8vWc7S0ZRvPJiXwD99HuFSsAvJpdsMjKJklwHBSVMgEcriFVy6UjGRx5nGTuA9QYKo1SNd5n5LrYdoduemyw7f9zQxKko3JJG8BZ1MX6IMdMpTxtJP5TwnvXjArMjbmWKYoOnIGVoItK8e3k1yf0L1OWjAFLAJNUidDdKRLWW4.5YscFV-lNirVl_jhrnxd6hZw20DQdCEg7tdxLkM3Tgc&dib_tag=se&keywords=CPUs&qid=1760137833&s=computers&sr=1-1&ts_id=430352031,"150,82 €",6,12,5.4,38,AM5
"AMD Ryzen 7 7800X3D Processeur avec La Technologie 3D V-Cache (Radeon Graphique Intégré, 8 Cœurs/16 Threads, 120W TDP, Socket AM5, Cache 104 Mo, Jusqu'à 5,0 GHz Fréquence Boost, sans Ventilateur)",https://www.amazon.fr/AMD-Ryzen-7800X3D-Technologie-Architecture/dp/B0BTZB7F88/ref=sr_1_2_mod_primary_new?c=ts&dib=eyJ2IjoiMSJ9.WC7BW1lzxnYZkA-_yMFVP4IZs67-nl9pi303EHAmVdAwJ_wJSDdG9hbQgq2KlblTTkEYdWKmGJGpGgnXDU2HX-bUh9Tz1yTFHeMf8w-tw5dU2Rp8gUSIOiCIjoXSuE3jh8vWc7S0ZRvPJiXwD99HuFSsAvJpdsMjKJklwHBSVMgEcriFVy6UjGRx5nGTuA9QYKo1SNd5n5LrYdoduemyw7f9zQxKko3JJG8BZ1MX6IMdMpTxtJP5TwnvXjArMjbmWKYoOnIGVoItK8e3k1yf0L1OWjAFLAJNUidDdKRLWW4.5YscFV-lNirVl_jhrnxd6hZw20DQdCEg7tdxLkM3Tgc&dib_tag=se&keywords=CPUs&qid=1760137833&s=computers&sbo=RZvfv%2F%2FHxDF%2BO5021pAnSA%3D%3D&sr=1-2&ts_id=430352031,"301,66 €",,16,5.0,104,AM5
"AMD Ryzen 5 7600X Processeur (Integrated Radeon Graphique Intégré, 6 Coeurs/12 Threads, 105W TDP, Socket AM5, Cache 38MB, jusqu'à 5,3 Ghz Fréquence Boost, Pas de Ventilateur)",https://www.amazon.fr/AMD-7600X-Processeur-Architecture-Fr%C3%A9quence/dp/B0BBJDS62N/ref=sr_1_3_mod_primary_new?c=ts&dib=eyJ2IjoiMSJ9.WC7BW1lzxnYZkA-_yMFVP4IZs67-nl9pi303EHAmVdAwJ_wJSDdG9hbQgq2KlblTTkEYdWKmGJGpGgnXDU2HX-bUh9Tz1yTFHeMf8w-tw5dU2Rp8gUSIOiCIjoXSuE3jh8vWc7S0ZRvPJiXwD99HuFSsAvJpdsMjKJklwHBSVMgEcriFVy6UjGRx5nGTuA9QYKo1SNd5n5LrYdoduemyw7f9zQxKko3JJG8BZ1MX6IMdMpTxtJP5TwnvXjArMjbmWKYoOnIGVoItK8e3k1yf0L1OWjAFLAJNUidDdKRLWW4.5YscFV-lNirVl_jhrnxd6hZw20DQdCEg7tdxLkM3Tgc&dib_tag=se&keywords=CPUs&qid=1760137833&s=computers&sbo=RZvfv%2F%2FHxDF%2BO5021pAnSA%3D%3D&sr=1-3&ts_id=430352031,"121,66 €",6,12,5.3,38,AM5
"AMD Ryzen 7 9700X Processeur (8 Coeurs/16 Threads), 65W DTP, Socket AM5, Cache 40Mo, jusqu'à 5.5 GHz Fréquence Boost, Pas de Ventilateur",https://www.amazon.fr/AMD-9700X-Processeur-Architecture-Fr%C3%A9quence/dp/B0D6NMDNNX/ref=sr_1_4_mod_primary_new?c=ts&dib=eyJ2IjoiMSJ9.WC7BW1lzxnYZkA-_yMFVP4IZs67-nl9pi303EHAmVdAwJ_wJSDdG9hbQgq2KlblTTkEYdWKmGJGpGgnXDU2HX-bUh9Tz1yTFHeMf8w-tw5dU2Rp8gUSIOiCIjoXSuE3jh8vWc7S0ZRvPJiXwD99HuFSsAvJpdsMjKJklwHBSVMgEcriFVy6UjGRx5nGTuA9QYKo1SNd5n5LrYdoduemyw7f9zQxKko3JJG8BZ1MX6IMdMpTxtJP5TwnvXjArMjbmWKYoOnIGVoItK8e3k1yf0L1OWjAFLAJNUidDdKRLWW4.5YscFV-lNirVl_jhrnxd6hZw20DQdCEg7tdxLkM3Tgc&dib_tag=se&keywords=CPUs&qid=1760137833&s=computers&sbo=RZvfv%2F%2FHxDF%2BO5021pAnSA%3D%3D&sr=1-4&ts_id=430352031,"240,12 €",8,16,5.5,40,AM5
"AMD Ryzen 5 5500 Processeur (6 Coeurs/12 Threads, 65W TDP, Socket AM4, Cache 19Mo, jusqu'à 4.2 GHz Fréquence Boost, Ventilateur wraith Stealth)",https://www.amazon.fr/AMD-Ryzen-5500-Ventilateur-Stealth/dp/B09VCJ171S/ref=sr_1_5?c=ts&dib=eyJ2IjoiMSJ9.WC7BW1lzxnYZkA-_yMFVP4IZs67-nl9pi303EHAmVdAwJ_wJSDdG9hbQgq2KlblTTkEYdWKmGJGpGgnXDU2HX-bUh9Tz1yTFHeMf8w-tw5dU2Rp8gUSIOiCIjoXSuE3jh8vWc7S0ZRvPJiXwD99HuFSsAvJpdsMjKJklwHBSVMgEcriFVy6UjGRx5nGTuA9QYKo1SNd5n5LrYdoduemyw7f9zQxKko3JJG8BZ1MX6IMdMpTxtJP5TwnvXjArMjbmWKYoOnIGVoItK8e3k1yf0L1OWjAFLAJNUidDdKRLWW4.5YscFV-lNirVl_jhrnxd6hZw20DQdCEg7tdxLkM3Tgc&dib_tag=se&keywords=CPUs&qid=1760137833&s=computers&sr=1-5&ts_id=430352031,"76,00 €",6,12,4.2,19,AM4
"Intel® Core™ Ultra 7 265K processeur pour PC de Bureau 20 cœurs (8 P-Cores + 12 E-Cores) jusqu'à 5,5 GHz",https://www.amazon.fr/Intel%C2%AE-Ultra-265K-processeur-P-Cores/dp/B0DFK2MH2D/ref=sr_1_6?c=ts&dib=eyJ2IjoiMSJ9.WC7BW1lzxnYZkA-_yMFVP4IZs67-nl9pi303EHAmVdAwJ_wJSDdG9hbQgq2KlblTTkEYdWKmGJGpGgnXDU2HX-bUh9Tz1yTFHeMf8w-tw5dU2Rp8gUSIOiCIjoXSuE3jh8vWc7S0ZRvPJiXwD99HuFSsAvJpdsMjKJklwHBSVMgEcriFVy6UjGRx5nGTuA9QYKo1SNd5n5LrYdoduemyw7f9zQxKko3JJG8BZ1MX6IMdMpTxtJP5TwnvXjArMjbmWKYoOnIGVoItK8e3k1yf0L1OWjAFLAJNUidDdKRLWW4.5YscFV-lNirVl_jhrnxd6hZw20DQdCEg7tdxLkM3Tgc&dib_tag=se&keywords=CPUs&qid=1760137833&s=computers&sr=1-6&ts_id=430352031,"311,00 €",,,5.5,,
"AMD Ryzen 9 9950X Processeur (Radeon Graphique Intégré, 16 Coeurs/32 Threads, 170 W TDP, Socket AM5, Cache 80MB,jusqu'à 5.7 GHz Fréquence Boost, Pas de Ventilateur)",https://www.amazon.fr/AMD-RyzenTM-9950X-Processeur-Architecture/dp/B0D6NNRBGP/ref=sr_1_7?c=ts&dib=eyJ2IjoiMSJ9.WC7BW1lzxnYZkA-_yMFVP4IZs67-nl9pi303EHAmVdAwJ_wJSDdG9hbQgq2KlblTTkEYdWKmGJGpGgnXDU2HX-bUh9Tz1yTFHeMf8w-tw5dU2Rp8gUSIOiCIjoXSuE3jh8vWc7S0ZRvPJiXwD99HuFSsAvJpdsMjKJklwHBSVMgEcriFVy6UjGRx5nGTuA9QYKo1SNd5n5LrYdoduemyw7f9zQxKko3JJG8BZ1MX6IMdMpTxtJP5TwnvXjArMjbmWKYoOnIGVoItK8e3k1yf0L1OWjAFLAJNUidDdKRLWW4.5YscFV-lNirVl_jhrnxd6hZw20DQdCEg7tdxLkM3Tgc&dib_tag=se&keywords=CPUs&qid=1760137833&s=computers&sr=1-7&ts_id=430352031,"435,82 €",16,32,5.7,80,AM5
"AMD Ryzen 7 5700X Processeur (8 Coeurs/16 Threads,65W TDP, Socket AM4, Cache 36Mo, jusqu'à 4.6 GHz Fréquence Boost, pas de Ventilateur)",https://www.amazon.fr/AMD-Ryzen-5700X-sans-Ventilateur/dp/B09VCHQHZ6/ref=sr_1_8?c=ts&dib=eyJ2IjoiMSJ9.WC7BW1lzxnYZkA-_yMFVP4IZs67-nl9pi303EHAmVdAwJ_wJSDdG9hbQgq2KlblTTkEYdWKmGJGpGgnXDU2HX-bUh9Tz1yTFHeMf8w-tw5dU2Rp8gUSIOiCIjoXSuE3jh8vWc7S0ZRvPJiXwD99HuFSsAvJpdsMjKJklwHBSVMgEcriFVy6UjGRx5nGTuA9QYKo1SNd5n5LrYdoduemyw7f9zQxKko3JJG8BZ1MX6IMdMpTxtJP5TwnvXjArMjbmWKYoOnIGVoItK8e3k1yf0L1OWjAFLAJNUidDdKRLWW4.5YscFV-lNirVl_jhrnxd6hZw20DQdCEg7tdxLkM3Tgc&dib_tag=se&keywords=CPUs&qid=1760137833&s=computers&sr=1-8&ts_id=430352031,"150,00 €",8,16,4.6,36,AM4
"AMD Ryzen 9 7900X Processeur (Radeon Graphique Intégré 12 Coeurs/24 Threads, 170W TDP, Socket AM5, Cache 76MB, jusqu'à 5.6 GHz Fréquence Boost, sans Ventilateur)",https://www.amazon.fr/AMD-7900X-Processeur-Architecture-Fr%C3%A9quence/dp/B0BBJ59WJ4/ref=sr_1_9?c=ts&dib=eyJ2IjoiMSJ9.WC7BW1lzxnYZkA-_yMFVP4IZs67-nl9pi303EHAmVdAwJ_wJSDdG9hbQgq2KlblTTkEYdWKmGJGpGgnXDU2HX-bUh9Tz1yTFHeMf8w-tw5dU2Rp8gUSIOiCIjoXSuE3jh8vWc7S0ZRvPJiXwD99HuFSsAvJpdsMjKJklwHBSVMgEcriFVy6UjGRx5nGTuA9QYKo1SNd5n5LrYdoduemyw7f9zQxKko3JJG8BZ1MX6IMdMpTxtJP5TwnvXjArMjbmWKYoOnIGVoItK8e3k1yf0L1OWjAFLAJNUidDdKRLWW4.5YscFV-lNirVl_jhrnxd6hZw20DQdCEg7tdxLkM3Tgc&dib_tag=se&keywords=CPUs&qid=1760137833&s=computers&sr=1-9&ts_id=430352031,"314,00 €",12,24,5.6,76,AM5
Intel® Core™ i5-14600KF Desktop Processor 14 Cores (6 P-Cores + 8 E-Cores) up to 5.3 GHz,https://www.amazon.fr/Intel%C2%AE-i5-14600KF-Desktop-Processor-P-Cores/dp/B0CHBH63YX/ref=sr_1_10?c=ts&dib=eyJ2IjoiMSJ9.WC7BW1lzxnYZkA-_yMFVP4IZs67-nl9pi303EHAmVdAwJ_wJSDdG9hbQgq2KlblTTkEYdWKmGJGpGgnXDU2HX-bUh9Tz1yTFHeMf8w-tw5dU2Rp8gUSIOiCIjoXSuE3jh8vWc7S0ZRvPJiXwD99HuFSsAvJpdsMjKJklwHBSVMgEcriFVy6UjGRx5nGTuA9QYKo1SNd5n5LrYdoduemyw7f9zQxKko3JJG8BZ1MX6IMdMpTxtJP5TwnvXjArMjbmWKYoOnIGVoItK8e3k1yf0L1OWjAFLAJNUidDdKRLWW4.5YscFV-lNirVl_jhrnxd6hZw20DQdCEg7tdxLkM3Tgc&dib_tag=se&keywords=CPUs&qid=1760137833&s=computers&sr=1-10&ts_id=430352031,"207,00 €",14,,5.3,,
"Intel® Core™ i3-14100F, processeur pour PC de Bureau, 4 cœurs (4 P-Cores + 0 E-Core) jusqu'à 4,7 GHz",https://www.amazon.fr/Intel%C2%AE-CoreTM-i3-14100F-processeur-P-cores/dp/B0CQ2ZVCWV/ref=sr_1_11?c=ts&dib=eyJ2IjoiMSJ9.WC7BW1lzxnYZkA-_yMFVP4IZs67-nl9pi303EHAmVdAwJ_wJSDdG9hbQgq2KlblTTkEYdWKmGJGpGgnXDU2HX-bUh9Tz1yTFHeMf8w-tw5dU2Rp8gUSIOiCIjoXSuE3jh8vWc7S0ZRvPJiXwD99HuFSsAvJpdsMjKJklwHBSVMgEcriFVy6UjGRx5nGTuA9QYKo1SNd5n5LrYdoduemyw7f9zQxKko3JJG8BZ1MX6IMdMpTxtJP5TwnvXjArMjbmWKYoOnIGVoItK8e3k1yf0L1OWjAFLAJNUidDdKRLWW4.5YscFV-lNirVl_jhrnxd6hZw20DQdCEg7tdxLkM3Tgc&dib_tag=se&keywords=CPUs&qid=1760137833&s=computers&sr=1-11&ts_id=430352031,"77,87 €",,,4.7,,
"AMD RYZEN ™ 7 9800X3D 8 Coeurs/16 Threads débridés, Architecture Zen 5, 104 Mo Cache, 120W TDP, Jusqu'a 5.2 Ghz Frequence Boost, Socket AM5, Ventilateur Non Inclus",https://www.amazon.fr/AMD-TM-9800X3D-Architecture-Ventilateur/dp/B0DKFMSMYK/ref=sr_1_12?c=ts&dib=eyJ2IjoiMSJ9.WC7BW1lzxnYZkA-_yMFVP4IZs67-nl9pi303EHAmVdAwJ_wJSDdG9hbQgq2KlblTTkEYdWKmGJGpGgnXDU2HX-bUh9Tz1yTFHeMf8w-tw5dU2Rp8gUSIOiCIjoXSuE3jh8vWc7S0ZRvPJiXwD99HuFSsAvJpdsMjKJklwHBSVMgEcriFVy6UjGRx5nGTuA9QYKo1SNd5n5LrYdoduemyw7f9zQxKko3JJG8BZ1MX6IMdMpTxtJP5TwnvXjArMjbmWKYoOnIGVoItK8e3k1yf0L1OWjAFLAJNUidDdKRLWW4.5YscFV-lNirVl_jhrnxd6hZw20DQdCEg7tdxLkM3Tgc&dib_tag=se&keywords=CPUs&qid=1760137833&s=computers&sr=1-12&ts_id=430352031,N/A,8,16,5.2,104,AM5
"AMD Ryzen 7 5800X Processeur (8 Cœurs/16 Threads, 105W TDP, Socket AM4, 36 Mo Cache, jusqu'à 4,7 Ghz Fréquence Boost, sans Ventilateur)",https://www.amazon.fr/AMD-Ryzen-7-5800X-RyzenTM/dp/B0815XFSGK/ref=sr_1_13?c=ts&dib=eyJ2IjoiMSJ9.WC7BW1lzxnYZkA-_yMFVP4IZs67-nl9pi303EHAmVdAwJ_wJSDdG9hbQgq2KlblTTkEYdWKmGJGpGgnXDU2HX-bUh9Tz1yTFHeMf8w-tw5dU2Rp8gUSIOiCIjoXSuE3jh8vWc7S0ZRvPJiXwD99HuFSsAvJpdsMjKJklwHBSVMgEcriFVy6UjGRx5nGTuA9QYKo1SNd5n5LrYdoduemyw7f9zQxKko3JJG8BZ1MX6IMdMpTxtJP5TwnvXjArMjbmWKYoOnIGVoItK8e3k1yf0L1OWjAFLAJNUidDdKRLWW4.5YscFV-lNirVl_jhrnxd6hZw20DQdCEg7tdxLkM3Tgc&dib_tag=se&keywords=CPUs&qid=1760137833&s=computers&sr=1-13&ts_id=430352031,"157,00 €",,16,4.7,36,AM4
"AMD Ryzen 9 9900X Processeur (Radeon Graphique Intégré, 12 Coeurs/24 Threads, 120W TDP, Socket AM5, Cache 76Mo, jusqu'à 5.6 GHz Fréquence Boost, Pas de Ventilateur)",https://www.amazon.fr/AMD-RyzenTM-9900X-Processeur-Architecture/dp/B0D6NN87T8/ref=sr_1_14?c=ts&dib=eyJ2IjoiMSJ9.WC7BW1lzxnYZkA-_yMFVP4IZs67-nl9pi303EHAmVdAwJ_wJSDdG9hbQgq2KlblTTkEYdWKmGJGpGgnXDU2HX-bUh9Tz1yTFHeMf8w-tw5dU2Rp8gUSIOiCIjoXSuE3jh8vWc7S0ZRvPJiXwD99HuFSsAvJpdsMjKJklwHBSVMgEcriFVy6UjGRx5nGTuA9QYKo1SNd5n5LrYdoduemyw7f9zQxKko3JJG8BZ1MX6IMdMpTxtJP5TwnvXjArMjbmWKYoOnIGVoItK8e3k1yf0L1OWjAFLAJNUidDdKRLWW4.5YscFV-lNirVl_jhrnxd6hZw20DQdCEg7tdxLkM3Tgc&dib_tag=se&keywords=CPUs&qid=1760137833&s=computers&sr=1-14&ts_id=430352031,"290,82 €",12,24,5.6,76,AM5
Intel® Core™ i5-14600K Desktop Processor 14 Cores (6 P-Cores + 8 E-Cores) up to 5.3 GHz,https://www.amazon.fr/Intel%C2%AE-i5-14600K-Desktop-Processor-P-Cores/dp/B0CHBGVFHP/ref=sr_1_15?c=ts&dib=eyJ2IjoiMSJ9.WC7BW1lzxnYZkA-_yMFVP4IZs67-nl9pi303EHAmVdAwJ_wJSDdG9hbQgq2KlblTTkEYdWKmGJGpGgnXDU2HX-bUh9Tz1yTFHeMf8w-tw5dU2Rp8gUSIOiCIjoXSuE3jh8vWc7S0ZRvPJiXwD99HuFSsAvJpdsMjKJklwHBSVMgEcriFVy6UjGRx5nGTuA9QYKo1SNd5n5LrYdoduemyw7f9zQxKko3JJG8BZ1MX6IMdMpTxtJP5TwnvXjArMjbmWKYoOnIGVoItK8e3k1yf0L1OWjAFLAJNUidDdKRLWW4.5YscFV-lNirVl_jhrnxd6hZw20DQdCEg7tdxLkM3Tgc&dib_tag=se&keywords=CPUs&qid=1760137833&s=computers&sr=1-15&ts_id=430352031,"209,00 €",14,,5.3,,
"Intel® Core™ i5-14400F, processeur pour PC de Bureau, 10 cœurs (6 P-Cores + 4 E-Cores) jusqu'à 4,7 GHz",https://www.amazon.fr/Intel%C2%AE-CoreTM-i5-14400F-processeur-P-cores/dp/B0CQ3142LB/ref=sr_1_16?c=ts&dib=eyJ2IjoiMSJ9.WC7BW1lzxnYZkA-_yMFVP4IZs67-nl9pi303EHAmVdAwJ_wJSDdG9hbQgq2KlblTTkEYdWKmGJGpGgnXDU2HX-bUh9Tz1yTFHeMf8w-tw5dU2Rp8gUSIOiCIjoXSuE3jh8vWc7S0ZRvPJiXwD99HuFSsAvJpdsMjKJklwHBSVMgEcriFVy6UjGRx5nGTuA9QYKo1SNd5n5LrYdoduemyw7f9zQxKko3JJG8BZ1MX6IMdMpTxtJP5TwnvXjArMjbmWKYoOnIGVoItK8e3k1yf0L1OWjAFLAJNUidDdKRLWW4.5YscFV-lNirVl_jhrnxd6hZw20DQdCEg7tdxLkM3Tgc&dib_tag=se&keywords=CPUs&qid=1760137833&s=computers&sr=1-16&ts_id=430352031,N/A,,,4.7,,
"AMD Ryzen 5 5600 Processeur (6 Coeurs/12 Threads, 65W TDP, Socket AM4, jusqu'à 4.4 Ghz Fréquence Boost, Ventilateur wraith Stealth)",https://www.amazon.fr/AMD-Ryzen-5600-Ventilateur-Stealth/dp/B09VCHR1VH/ref=sr_1_17?c=ts&dib=eyJ2IjoiMSJ9.WC7BW1lzxnYZkA-_yMFVP4IZs67-nl9pi303EHAmVdAwJ_wJSDdG9hbQgq2KlblTTkEYdWKmGJGpGgnXDU2HX-bUh9Tz1yTFHeMf8w-tw5dU2Rp8gUSIOiCIjoXSuE3jh8vWc7S0ZRvPJiXwD99HuFSsAvJpdsMjKJklwHBSVMgEcriFVy6UjGRx5nGTuA9QYKo1SNd5n5LrYdoduemyw7f9zQxKko3JJG8BZ1MX6IMdMpTxtJP5TwnvXjArMjbmWKYoOnIGVoItK8e3k1yf0L1OWjAFLAJNUidDdKRLWW4.5YscFV-lNirVl_jhrnxd6hZw20DQdCEg7tdxLkM3Tgc&dib_tag=se&keywords=CPUs&qid=1760137833&s=computers&sr=1-17&ts_id=430352031,N/A,6,12,4.4,,AM4
Intel® Core™ i9-14900KF Desktop Processor 24 Cores (8 P-Cores + 16 E-Cores) up to 6.0 GHz,https://www.amazon.fr/Intel%C2%AE-i9-14900KF-Desktop-Processor-P-Cores/dp/B0CHBJXG7G/ref=sr_1_18?c=ts&dib=eyJ2IjoiMSJ9.WC7BW1lzxnYZkA-_yMFVP4IZs67-nl9pi303EHAmVdAwJ_wJSDdG9hbQgq2KlblTTkEYdWKmGJGpGgnXDU2HX-bUh9Tz1yTFHeMf8w-tw5dU2Rp8gUSIOiCIjoXSuE3jh8vWc7S0ZRvPJiXwD99HuFSsAvJpdsMjKJklwHBSVMgEcriFVy6UjGRx5nGTuA9QYKo1SNd5n5LrYdoduemyw7f9zQxKko3JJG8BZ1MX6IMdMpTxtJP5TwnvXjArMjbmWKYoOnIGVoItK8e3k1yf0L1OWjAFLAJNUidDdKRLWW4.5YscFV-lNirVl_jhrnxd6hZw20DQdCEg7tdxLkM3Tgc&dib_tag=se&keywords=CPUs&qid=1760137833&s=computers&sr=1-18&ts_id=430352031,"353,53 €",24,,6.0,,
"AMD Ryzen 7 7700X Processeur (Radeon Graphique Intégré, 8 Coeurs/16 Threads, 105W DTP, Socket AM5, Cache 40MB, jusqu'à 5.4 GHz Fréquence Boost, Pas de Ventilateur)",https://www.amazon.fr/AMD-7700X-Processeur-Architecture-Fr%C3%A9quence/dp/B0BBHHT8LY/ref=sr_1_19?c=ts&dib=eyJ2IjoiMSJ9.WC7BW1lzxnYZkA-_yMFVP4IZs67-nl9pi303EHAmVdAwJ_wJSDdG9hbQgq2KlblTTkEYdWKmGJGpGgnXDU2HX-bUh9Tz1yTFHeMf8w-tw5dU2Rp8gUSIOiCIjoXSuE3jh8vWc7S0ZRvPJiXwD99HuFSsAvJpdsMjKJklwHBSVMgEcriFVy6UjGRx5nGTuA9QYKo1SNd5n5LrYdoduemyw7f9zQxKko3JJG8BZ1MX6IMdMpTxtJP5TwnvXjArMjbmWKYoOnIGVoItK8e3k1yf0L1OWjAFLAJNUidDdKRLWW4.5YscFV-lNirVl_jhrnxd6hZw20DQdCEg7tdxLkM3Tgc&dib_tag=se&keywords=CPUs&qid=1760137833&s=computers&sr=1-19&ts_id=430352031,"263,00 €",8,16,5.4,40,AM5
"AMD Ryzen 7 5700 Processeur (8 Coeurs/16 Threads, 65W TDP, Socket AM4, Cache 20Mo, jusqu'à 4.6 GHz Frequence Boost, Ventilateur Wraith Spire)",https://www.amazon.fr/AMD-5700-Processeur-Architecture-Fr%C3%A9quence/dp/B0CQ4HPJYV/ref=sr_1_20?c=ts&dib=eyJ2IjoiMSJ9.WC7BW1lzxnYZkA-_yMFVP4IZs67-nl9pi303EHAmVdAwJ_wJSDdG9hbQgq2KlblTTkEYdWKmGJGpGgnXDU2HX-bUh9Tz1yTFHeMf8w-tw5dU2Rp8gUSIOiCIjoXSuE3jh8vWc7S0ZRvPJiXwD99HuFSsAvJpdsMjKJklwHBSVMgEcriFVy6UjGRx5nGTuA9QYKo1SNd5n5LrYdoduemyw7f9zQxKko3JJG8BZ1MX6IMdMpTxtJP5TwnvXjArMjbmWKYoOnIGVoItK8e3k1yf0L1OWjAFLAJNUidDdKRLWW4.5YscFV-lNirVl_jhrnxd6hZw20DQdCEg7tdxLkM3Tgc&dib_tag=se&keywords=CPUs&qid=1760137833&s=computers&sr=1-20&ts_id=430352031,N/A,8,16,4.6,20,AM4
"AMD Ryzen 5 5600X Processeur (6 Coeurs/12Threads, 65W TDP, Socket AM4, Cache 35Mo, jusqu'à 4.6 GHz Fréquence Boost, Ventilateur wraith Stealth)",https://www.amazon.fr/AMD-Ryzen-5-5600X-RyzenTM/dp/B08166SLDF/ref=sr_1_21?c=ts&dib=eyJ2IjoiMSJ9.WC7BW1lzxnYZkA-_yMFVP4IZs67-nl9pi303EHAmVdAwJ_wJSDdG9hbQgq2KlblTTkEYdWKmGJGpGgnXDU2HX-bUh9Tz1yTFHeMf8w-tw5dU2Rp8gUSIOiCIjoXSuE3jh8vWc7S0ZRvPJiXwD99HuFSsAvJpdsMjKJklwHBSVMgEcriFVy6UjGRx5nGTuA9QYKo1SNd5n5LrYdoduemyw7f9zQxKko3JJG8BZ1MX6IMdMpTxtJP5TwnvXjArMjbmWKYoOnIGVoItK8e3k1yf0L1OWjAFLAJNUidDdKRLWW4.5YscFV-lNirVl_jhrnxd6hZw20DQdCEg7tdxLkM3Tgc&dib_tag=se&keywords=CPUs&qid=1760137833&s=computers&sr=1-21&ts_id=430352031,N/A,6,12,4.6,35,AM4
"AMD Ryzen™ 5 5600XT Processeur, 6 Cœurs/12 Threads Débridés, Architecture Zen 4, 35Mo Cache, 65W TDP, Jusqu'à 4.7 GHz Fréquence Boost, Socket AM4, avec Wraith Stealth Ventilateur",https://www.amazon.fr/AMD-Processeur-Architecture-Fr%C3%A9quence-Ventilateur/dp/B0DJLWFRCH/ref=sr_1_22?c=ts&dib=eyJ2IjoiMSJ9.WC7BW1lzxnYZkA-_yMFVP4IZs67-nl9pi303EHAmVdAwJ_wJSDdG9hbQgq2KlblTTkEYdWKmGJGpGgnXDU2HX-bUh9Tz1yTFHeMf8w-tw5dU2Rp8gUSIOiCIjoXSuE3jh8vWc7S0ZRvPJiXwD99HuFSsAvJpdsMjKJklwHBSVMgEcriFVy6UjGRx5nGTuA9QYKo1SNd5n5LrYdoduemyw7f9zQxKko3JJG8BZ1MX6IMdMpTxtJP5TwnvXjArMjbmWKYoOnIGVoItK8e3k1yf0L1OWjAFLAJNUidDdKRLWW4.5YscFV-lNirVl_jhrnxd6hZw20DQdCEg7tdxLkM3Tgc&dib_tag=se&keywords=CPUs&qid=1760137833&s=computers&sr=1-22&ts_id=430352031,N/A,,12,4.7,35,AM4
"Intel® Core™ i7-12700KF, processeur pour PC de Bureau, 12 cœurs (8P+4E) jusqu'à 5,0 GHz, LGA1700 chipset série 600 125 W",https://www.amazon.fr/Processeur-Intel-i7-12700KF-Alder-Lake-S/dp/B09GYJJ1PT/ref=sr_1_23?c=ts&dib=eyJ2IjoiMSJ9.WC7BW1lzxnYZkA-_yMFVP4IZs67-nl9pi303EHAmVdAwJ_wJSDdG9hbQgq2KlblTTkEYdWKmGJGpGgnXDU2HX-bUh9Tz1yTFHeMf8w-tw5dU2Rp8gUSIOiCIjoXSuE3jh8vWc7S0ZRvPJiXwD99HuFSsAvJpdsMjKJklwHBSVMgEcriFVy6UjGRx5nGTuA9QYKo1SNd5n5LrYdoduemyw7f9zQxKko3JJG8BZ1MX6IMdMpTxtJP5TwnvXjArMjbmWKYoOnIGVoItK8e3k1yf0L1OWjAFLAJNUidDdKRLWW4.5YscFV-lNirVl_jhrnxd6hZw20DQdCEg7tdxLkM3Tgc&dib_tag=se&keywords=CPUs&qid=1760137833&s=computers&sr=1-23&ts_id=430352031,N/A,,,5.0,,LGA1700
"AMD Ryzen 5 7600 Processeur (Radeon Graphique Intégré, 6 Cœurs/12 Threads, 65W TDP, Socket AM5, Cache 38Mo, jusqu'à 5,1 GHz Fréquence Boost, avec Ventilateur wraith Stealth)",https://www.amazon.fr/AMD-7600-Processeur-Architecture-Fr%C3%A9quence/dp/B0BMQJWBDM/ref=sr_1_24?c=ts&dib=eyJ2IjoiMSJ9.WC7BW1lzxnYZkA-_yMFVP4IZs67-nl9pi303EHAmVdAwJ_wJSDdG9hbQgq2KlblTTkEYdWKmGJGpGgnXDU2HX-bUh9Tz1yTFHeMf8w-tw5dU2Rp8gUSIOiCIjoXSuE3jh8vWc7S0ZRvPJiXwD99HuFSsAvJpdsMjKJklwHBSVMgEcriFVy6UjGRx5nGTuA9QYKo1SNd5n5LrYdoduemyw7f9zQxKko3JJG8BZ1MX6IMdMpTxtJP5TwnvXjArMjbmWKYoOnIGVoItK8e3k1yf0L1OWjAFLAJNUidDdKRLWW4.5YscFV-lNirVl_jhrnxd6hZw20DQdCEg7tdxLkM3Tgc&dib_tag=se&keywords=CPUs&qid=1760137833&s=computers&sr=1-24&ts_id=430352031,"188,00 €",,12,5.1,38,AM5
"AMD Ryzen 7 8700F Processeur (8 Cœurs/16 Threads, Ryzen AI, 65W TDP, Socket AM5, Cache 24Mo, Jusqu'à 5,0 GHz Fréquence Boost, Ventilateur Wraith Stealth",https://www.amazon.fr/AMD-RyzenTM-8700F-Processeur-Architecture/dp/B0D2JCMP34/ref=sr_1_25?c=ts&dib=eyJ2IjoiMSJ9.2wUvR2Y7eHLYCeWK3H8nX6XdpwJrUlq7H_rqHopMu1v-v4eveNmU2_Q1LpERI4JH9l4gklw7q8Xf9ihQ_F-4DHUXdtJhtv7Vl0dnd11uW7IuiqnXSA2GRBG2gDJ8kh-41dYRdHW5JYShf9ROQjj-nSYqTIuxHdDCPh4dqvZEnytQgxwCm54z3F4JUNTiijitI1XSYkloTQ6Y-ng6VUZtu4vKAf1bifFoFqWe_hzC_JY8yuSNhUKcZ-Ncxw1sa2BycEMhGLoNki5cA8liEkMtli9zA9IIqeCksaO0y1PPs58.kYxgy2Ib_fUJ1z8tkOPBeZWY2E4Eev3AQe8m2G1W9wE&dib_tag=se&keywords=CPUs&qid=1760137840&s=computers&sr=1-25&ts_id=430352031&xpid=UQCCgQUsPuTWu,"196,65 €",,16,5.0,24,AM5
"AMD Ryzen 5 4500 Processeur (6 Coeurs/12 Threads, 65W DTP, Socket AM4, Cache 11Mo, jusqu'à 4.1 GHz Fréquence Boost, avec Ventilateur wraith Stealth)",https://www.amazon.fr/AMD-Ryzen-4500-Ventilateur-Stealth/dp/B09VCJN7HZ/ref=sr_1_26?c=ts&dib=eyJ2IjoiMSJ9.2wUvR2Y7eHLYCeWK3H8nX6XdpwJrUlq7H_rqHopMu1v-v4eveNmU2_Q1LpERI4JH9l4gklw7q8Xf9ihQ_F-4DHUXdtJhtv7Vl0dnd11uW7IuiqnXSA2GRBG2gDJ8kh-41dYRdHW5JYShf9ROQjj-nSYqTIuxHdDCPh4dqvZEnytQgxwCm54z3F4JUNTiijitI1XSYkloTQ6Y-ng6VUZtu4vKAf1bifFoFqWe_hzC_JY8yuSNhUKcZ-Ncxw1sa2BycEMhGLoNki5cA8liEkMtli9zA9IIqeCksaO0y1PPs58.kYxgy2Ib_fUJ1z8tkOPBeZWY2E4Eev3AQe8m2G1W9wE&dib_tag=se&keywords=CPUs&qid=1760137840&s=computers&sr=1-26&ts_id=430352031&xpid=UQCCgQUsPuTWu,"54,82 €",6,12,4.1,11,AM4
"AMD Ryzen 7 5700X3D Processeur avec La Technologie 3D V-Cache (8 Cœurs/16 Threads, 105W TDP, Socket AM4, 100Mo Cache, Jusqu'à 4,1 GHz Fréquence Boost, Pas de Ventilateur)",https://www.amazon.fr/AMD-5700X3D-Processeur-Architecture-Fr%C3%A9quence/dp/B0CQ4H4H7X/ref=sr_1_27?c=ts&dib=eyJ2IjoiMSJ9.2wUvR2Y7eHLYCeWK3H8nX6XdpwJrUlq7H_rqHopMu1v-v4eveNmU2_Q1LpERI4JH9l4gklw7q8Xf9ihQ_F-4DHUXdtJhtv7Vl0dnd11uW7IuiqnXSA2GRBG2gDJ8kh-41dYRdHW5JYShf9ROQjj-nSYqTIuxHdDCPh4dqvZEnytQgxwCm54z3F4JUNTiijitI1XSYkloTQ6Y-ng6VUZtu4vKAf1bifFoFqWe_hzC_JY8yuSNhUKcZ-Ncxw1sa2BycEMhGLoNki5cA8liEkMtli9zA9IIqeCksaO0y1PPs58.kYxgy2Ib_fUJ1z8tkOPBeZWY2E4Eev3AQe8m2G1W9wE&dib_tag=se&keywords=CPUs&qid=1760137840&s=computers&sr=1-27&ts_id=430352031&xpid=UQCCgQUsPuTWu,N/A,,16,4.1,100,AM4
Intel® Core™ i9-14900K Desktop Processor 24 Cores (8 P-Cores + 16 E-Cores) up to 6.0 GHz,https://www.amazon.fr/Intel%C2%AE-i9-14900K-Desktop-Processor-P-Cores/dp/B0CHBJGFBC/ref=sr_1_28?c=ts&dib=eyJ2IjoiMSJ9.2wUvR2Y7eHLYCeWK3H8nX6XdpwJrUlq7H_rqHopMu1v-v4eveNmU2_Q1LpERI4JH9l4gklw7q8Xf9ihQ_F-4DHUXdtJhtv7Vl0dnd11uW7IuiqnXSA2GRBG2gDJ8kh-41dYRdHW5JYShf9ROQjj-nSYqTIuxHdDCPh4dqvZEnytQgxwCm54z3F4JUNTiijitI1XSYkloTQ6Y-ng6VUZtu4vKAf1bifFoFqWe_hzC_JY8yuSNhUKcZ-Ncxw1sa2BycEMhGLoNki5cA8liEkMtli9zA9IIqeCksaO0y1PPs58.kYxgy2Ib_fUJ1z8tkOPBeZWY2E4Eev3AQe8m2G1W9wE&dib_tag=se&keywords=CPUs&qid=1760137840&s=computers&sr=1-28&ts_id=430352031&xpid=UQCCgQUsPuTWu,"459,00 €",24,,6.0,,
"Intel® Core™ i7-14700F, processeur pour PC de Bureau, 20 cœurs (8 P-Cores + 12 E-Cores) jusqu'à 5,4 GHz",https://www.amazon.fr/Intel%C2%AE-CoreTM-i7-14700F-processeur-P-cores/dp/B0CQ65ST43/ref=sr_1_29?c=ts&dib=eyJ2IjoiMSJ9.2wUvR2Y7eHLYCeWK3H8nX6XdpwJrUlq7H_rqHopMu1v-v4eveNmU2_Q1LpERI4JH9l4gklw7q8Xf9ihQ_F-4DHUXdtJhtv7Vl0dnd11uW7IuiqnXSA2GRBG2gDJ8kh-41dYRdHW5JYShf9ROQjj-nSYqTIuxHdDCPh4dqvZEnytQgxwCm54z3F4JUNTiijitI1XSYkloTQ6Y-ng6VUZtu4vKAf1bifFoFqWe_hzC_JY8yuSNhUKcZ-Ncxw1sa2BycEMhGLoNki5cA8liEkMtli9zA9IIqeCksaO0y1PPs58.kYxgy2Ib_fUJ1z8tkOPBeZWY2E4Eev3AQe8m2G1W9wE&dib_tag=se&keywords=CPUs&qid=1760137840&s=computers&sr=1-29&ts_id=430352031&xpid=UQCCgQUsPuTWu,N/A,,,5.4,,
"Intel® Core™ i5-13400F, processeur pour PC de Bureau, 10 cœurs (6 P-Cores + 4 E-Cores) 20 Mo de Cache, jusqu'à 4,6 GHz",https://www.amazon.fr/Intel-BX8071513400F-CPU-Core-i5-13400F/dp/B0BN61LYFB/ref=sr_1_30?c=ts&dib=eyJ2IjoiMSJ9.2wUvR2Y7eHLYCeWK3H8nX6XdpwJrUlq7H_rqHopMu1v-v4eveNmU2_Q1LpERI4JH9l4gklw7q8Xf9ihQ_F-4DHUXdtJhtv7Vl0dnd11uW7IuiqnXSA2GRBG2gDJ8kh-41dYRdHW5JYShf9ROQjj-nSYqTIuxHdDCPh4dqvZEnytQgxwCm54z3F4JUNTiijitI1XSYkloTQ6Y-ng6VUZtu4vKAf1bifFoFqWe_hzC_JY8yuSNhUKcZ-Ncxw1sa2BycEMhGLoNki5cA8liEkMtli9zA9IIqeCksaO0y1PPs58.kYxgy2Ib_fUJ1z8tkOPBeZWY2E4Eev3AQe8m2G1W9wE&dib_tag=se&keywords=CPUs&qid=1760137840&s=computers&sr=1-30&ts_id=430352031&xpid=UQCCgQUsPuTWu,N/A,,,4.6,20,
"Intel® Core™ i5-13600KF, processeur pour PC de Bureau, 14 cœurs (6 P-Cores + 8 E-Cores) 24 Mo de Cache, jusqu'à 5,1 GHz",https://www.amazon.fr/Intel-BX8071513600KF-CPU-Core-i5-13600KF/dp/B0BG64N549/ref=sr_1_31?c=ts&dib=eyJ2IjoiMSJ9.2wUvR2Y7eHLYCeWK3H8nX6XdpwJrUlq7H_rqHopMu1v-v4eveNmU2_Q1LpERI4JH9l4gklw7q8Xf9ihQ_F-4DHUXdtJhtv7Vl0dnd11uW7IuiqnXSA2GRBG2gDJ8kh-41dYRdHW5JYShf9ROQjj-nSYqTIuxHdDCPh4dqvZEnytQgxwCm54z3F4JUNTiijitI1XSYkloTQ6Y-ng6VUZtu4vKAf1bifFoFqWe_hzC_JY8yuSNhUKcZ-Ncxw1sa2BycEMhGLoNki5cA8liEkMtli9zA9IIqeCksaO0y1PPs58.kYxgy2Ib_fUJ1z8tkOPBeZWY2E4Eev3AQe8m2G1W9wE&dib_tag=se&keywords=CPUs&qid=1760137840&s=computers&sr=1-31&ts_id=430352031&xpid=UQCCgQUsPuTWu,"215,00 €",,,5.1,24,
"Intel® Core™ i7-14700, processeur pour PC de Bureau, 20 cœurs (8 P-Cores + 12 E-Cores) jusqu'à 5,4 GHz",https://www.amazon.fr/Intel%C2%AE-CoreTM-i7-14700-processeur-P-cores/dp/B0CQ2YMZ8X/ref=sr_1_32?c=ts&dib=eyJ2IjoiMSJ9.2wUvR2Y7eHLYCeWK3H8nX6XdpwJrUlq7H_rqHopMu1v-v4eveNmU2_Q1LpERI4JH9l4gklw7q8Xf9ihQ_F-4DHUXdtJhtv7Vl0dnd11uW7IuiqnXSA2GRBG2gDJ8kh-41dYRdHW5JYShf9ROQjj-nSYqTIuxHdDCPh4dqvZEnytQgxwCm54z3F4JUNTiijitI1XSYkloTQ6Y-ng6VUZtu4vKAf1bifFoFqWe_hzC_JY8yuSNhUKcZ-Ncxw1sa2BycEMhGLoNki5cA8liEkMtli9zA9IIqeCksaO0y1PPs58.kYxgy2Ib_fUJ1z8tkOPBeZWY2E4Eev3AQe8m2G1W9wE&dib_tag=se&keywords=CPUs&qid=1760137840&s=computers&sr=1-32&ts_id=430352031&xpid=UQCCgQUsPuTWu,N/A,,,5.4,,
"AMD Ryzen 5 8500G Processeur (Radeon Graphique Intégré, 6 Cœurs/12 Threads, 65W TDP, Socket AM5, Cache 22Mo, Jusqu'à 5 GHz Fréquence Boost, Ventilateur Wraith Stealth)",https://www.amazon.fr/AMD-8500G-Processeur-D%C3%A9brid%C3%A9s-Architecture/dp/B0CQ4JV8D5/ref=sr_1_33?c=ts&dib=eyJ2IjoiMSJ9.2wUvR2Y7eHLYCeWK3H8nX6XdpwJrUlq7H_rqHopMu1v-v4eveNmU2_Q1LpERI4JH9l4gklw7q8Xf9ihQ_F-4DHUXdtJhtv7Vl0dnd11uW7IuiqnXSA2GRBG2gDJ8kh-41dYRdHW5JYShf9ROQjj-nSYqTIuxHdDCPh4dqvZEnytQgxwCm54z3F4JUNTiijitI1XSYkloTQ6Y-ng6VUZtu4vKAf1bifFoFqWe_hzC_JY8yuSNhUKcZ-Ncxw1sa2BycEMhGLoNki5cA8liEkMtli9zA9IIqeCksaO0y1PPs58.kYxgy2Ib_fUJ1z8tkOPBeZWY2E4Eev3AQe8m2G1W9wE&dib_tag=se&keywords=CPUs&qid=1760137840&s=computers&sr=1-33&ts_id=430352031&xpid=UQCCgQUsPuTWu,N/A,,12,5,22,AM5
"AMD Ryzen 9 5900X Processeur (12 Cœurs/24 Threads, 105W TDP, Socket AM4, Cache 70Mo, jusqu'à 4,8Gh Fréquence Boost, sans Ventilateur)",https://www.amazon.fr/AMD-Ryzen-9-5900X-RyzenTM/dp/B08164VTWH/ref=sr_1_34?c=ts&dib=eyJ2IjoiMSJ9.2wUvR2Y7eHLYCeWK3H8nX6XdpwJrUlq7H_rqHopMu1v-v4eveNmU2_Q1LpERI4JH9l4gklw7q8Xf9ihQ_F-4DHUXdtJhtv7Vl0dnd11uW7IuiqnXSA2GRBG2gDJ8kh-41dYRdHW5JYShf9ROQjj-nSYqTIuxHdDCPh4dqvZEnytQgxwCm54z3F4JUNTiijitI1XSYkloTQ6Y-ng6VUZtu4vKAf1bifFoFqWe_hzC_JY8yuSNhUKcZ-Ncxw1sa2BycEMhGLoNki5cA8liEkMtli9zA9IIqeCksaO0y1PPs58.kYxgy2Ib_fUJ1z8tkOPBeZWY2E4Eev3AQe8m2G1W9wE&dib_tag=se&keywords=CPUs&qid=1760137840&s=computers&sr=1-34&ts_id=430352031&xpid=UQCCgQUsPuTWu,N/A,,24,,70,AM4
"AMD Ryzen 5 5600G Processeur (Radeon Graphique Intégré, 6 Coeurs/12 Threads, 65W TDP, Socket AM4, Cache 19Mo, jusqu'à 4,4Ghz Fréquence Boost, Ventilateur wraith Stealth)",https://www.amazon.fr/AMD-Ryzen-5600G-processeur-Bo%C3%AEte/dp/B092L9GF5N/ref=sr_1_35?c=ts&dib=eyJ2IjoiMSJ9.2wUvR2Y7eHLYCeWK3H8nX6XdpwJrUlq7H_rqHopMu1v-v4eveNmU2_Q1LpERI4JH9l4gklw7q8Xf9ihQ_F-4DHUXdtJhtv7Vl0dnd11uW7IuiqnXSA2GRBG2gDJ8kh-41dYRdHW5JYShf9ROQjj-nSYqTIuxHdDCPh4dqvZEnytQgxwCm54z3F4JUNTiijitI1XSYkloTQ6Y-ng6VUZtu4vKAf1bifFoFqWe_hzC_JY8yuSNhUKcZ-Ncxw1sa2BycEMhGLoNki5cA8liEkMtli9zA9IIqeCksaO0y1PPs58.kYxgy2Ib_fUJ1z8tkOPBeZWY2E4Eev3AQe8m2G1W9wE&dib_tag=se&keywords=CPUs&qid=1760137840&s=computers&sr=1-35&ts_id=430352031&xpid=UQCCgQUsPuTWu,N/A,6,12,4.4,19,AM4
"Intel® Core™ i5-12600K Processeur débloqué pour PC de Bureau, 10 cœurs (6P+4E) jusqu'à 4,9 GHz, LGA1700, chipset série 600 125 W",https://www.amazon.fr/Processeur-Intel-i5-12600K-Alder-Lake-S/dp/B09GYHXDHH/ref=sr_1_36?c=ts&dib=eyJ2IjoiMSJ9.2wUvR2Y7eHLYCeWK3H8nX6XdpwJrUlq7H_rqHopMu1v-v4eveNmU2_Q1LpERI4JH9l4gklw7q8Xf9ihQ_F-4DHUXdtJhtv7Vl0dnd11uW7IuiqnXSA2GRBG2gDJ8kh-41dYRdHW5JYShf9ROQjj-nSYqTIuxHdDCPh4dqvZEnytQgxwCm54z3F4JUNTiijitI1XSYkloTQ6Y-ng6VUZtu4vKAf1bifFoFqWe_hzC_JY8yuSNhUKcZ-Ncxw1sa2BycEMhGLoNki5cA8liEkMtli9zA9IIqeCksaO0y1PPs58.kYxgy2Ib_fUJ1z8tkOPBeZWY2E4Eev3AQe8m2G1W9wE&dib_tag=se&keywords=CPUs&qid=1760137840&s=computers&sr=1-36&ts_id=430352031&xpid=UQCCgQUsPuTWu,N/A,,,4.9,,LGA1700
"AMD Ryzen 9 7950X Processeur (Integrated Radeon Graphics,16 Coeurs/32 Threads,170W TDP, Socket AM5, Cache 80MB, jusqu'à 5.7 GHz Fréquence Boost, Pas de Ventilateur)",https://www.amazon.fr/AMD-7950X-Processeur-Architecture-Fr%C3%A9quence/dp/B0BBHD5D8Y/ref=sr_1_37?c=ts&dib=eyJ2IjoiMSJ9.2wUvR2Y7eHLYCeWK3H8nX6XdpwJrUlq7H_rqHopMu1v-v4eveNmU2_Q1LpERI4JH9l4gklw7q8Xf9ihQ_F-4DHUXdtJhtv7Vl0dnd11uW7IuiqnXSA2GRBG2gDJ8kh-41dYRdHW5JYShf9ROQjj-nSYqTIuxHdDCPh4dqvZEnytQgxwCm54z3F4JUNTiijitI1XSYkloTQ6Y-ng6VUZtu4vKAf1bifFoFqWe_hzC_JY8yuSNhUKcZ-Ncxw1sa2BycEMhGLoNki5cA8liEkMtli9zA9IIqeCksaO0y1PPs58.kYxgy2Ib_fUJ1z8tkOPBeZWY2E4Eev3AQe8m2G1W9wE&dib_tag=se&keywords=CPUs&qid=1760137840&s=computers&sr=1-37&ts_id=430352031&xpid=UQCCgQUsPuTWu,N/A,16,32,5.7,80,AM5
"AMD Ryzen™ 9 9900X3D avec Technologie 3D V-Cache™, 12 cœurs/24 Threads, 140 Mo de Cache, TDP 120 W, Socket AM5, fréquence Max jusqu'à 5,5 GHz, DDR5 et PCIe 5.0",https://www.amazon.fr/Processeur-AMD-Technologie-V-CacheTM-fr%C3%A9quence/dp/B0DWGWN8GY/ref=sr_1_38?c=ts&dib=eyJ2IjoiMSJ9.2wUvR2Y7eHLYCeWK3H8nX6XdpwJrUlq7H_rqHopMu1v-v4eveNmU2_Q1LpERI4JH9l4gklw7q8Xf9ihQ_F-4DHUXdtJhtv7Vl0dnd11uW7IuiqnXSA2GRBG2gDJ8kh-41dYRdHW5JYShf9ROQjj-nSYqTIuxHdDCPh4dqvZEnytQgxwCm54z3F4JUNTiijitI1XSYkloTQ6Y-ng6VUZtu4vKAf1bifFoFqWe_hzC_JY8yuSNhUKcZ-Ncxw1sa2BycEMhGLoNki5cA8liEkMtli9zA9IIqeCksaO0y1PPs58.kYxgy2Ib_fUJ1z8tkOPBeZWY2E4Eev3AQe8m2G1W9wE&dib_tag=se&keywords=CPUs&qid=1760137840&s=computers&sr=1-38&ts_id=430352031&xpid=UQCCgQUsPuTWu,N/A,,24,5.5,140,AM5
"AMD AM5 Ryzen 5 8400F Tray 4,7GHz Max 6xCore 12xThread 22MB 65W",https://www.amazon.fr/AMD-Ryzen-8400F-6xCore-12xThread/dp/B0DDQ4KRPR/ref=sr_1_39?c=ts&dib=eyJ2IjoiMSJ9.2wUvR2Y7eHLYCeWK3H8nX6XdpwJrUlq7H_rqHopMu1v-v4eveNmU2_Q1LpERI4JH9l4gklw7q8Xf9ihQ_F-4DHUXdtJhtv7Vl0dnd11uW7IuiqnXSA2GRBG2gDJ8kh-41dYRdHW5JYShf9ROQjj-nSYqTIuxHdDCPh4dqvZEnytQgxwCm54z3F4JUNTiijitI1XSYkloTQ6Y-ng6VUZtu4vKAf1bifFoFqWe_hzC_JY8yuSNhUKcZ-Ncxw1sa2BycEMhGLoNki5cA8liEkMtli9zA9IIqeCksaO0y1PPs58.kYxgy2Ib_fUJ1z8tkOPBeZWY2E4Eev3AQe8m2G1W9wE&dib_tag=se&keywords=CPUs&qid=1760137840&s=computers&sr=1-39&ts_id=430352031&xpid=UQCCgQUsPuTWu,N/A,,,4.7,22,AM5
"Intel Core i5–2400 3,10 GHz Processeur Quad-Core (certifié reconditionné)",https://www.amazon.fr/Intel-i5-2400-Processeur-Quad-Core-reconditionn%C3%A9/dp/B07HB5189S/ref=sr_1_40?c=ts&dib=eyJ2IjoiMSJ9.2wUvR2Y7eHLYCeWK3H8nX6XdpwJrUlq7H_rqHopMu1v-v4eveNmU2_Q1LpERI4JH9l4gklw7q8Xf9ihQ_F-4DHUXdtJhtv7Vl0dnd11uW7IuiqnXSA2GRBG2gDJ8kh-41dYRdHW5JYShf9ROQjj-nSYqTIuxHdDCPh4dqvZEnytQgxwCm54z3F4JUNTiijitI1XSYkloTQ6Y-ng6VUZtu4vKAf1bifFoFqWe_hzC_JY8yuSNhUKcZ-Ncxw1sa2BycEMhGLoNki5cA8liEkMtli9zA9IIqeCksaO0y1PPs58.kYxgy2Ib_fUJ1z8tkOPBeZWY2E4Eev3AQe8m2G1W9wE&dib_tag=se&keywords=CPUs&qid=1760137840&s=computers&sr=1-40&ts_id=430352031&xpid=UQCCgQUsPuTWu,"39,90 €",,,3.10,,
"Intel Processeur Core i7 i7-9700K Octa-core [8 Core] 3,60 GHz - Socket H4 LGA-1151 - Pack OEM",https://www.amazon.fr/Intel-i7-9700K-Coffee-Processeur-m%C3%A9moire/dp/B09238FZVP/ref=sr_1_41?c=ts&dib=eyJ2IjoiMSJ9.2wUvR2Y7eHLYCeWK3H8nX6XdpwJrUlq7H_rqHopMu1v-v4eveNmU2_Q1LpERI4JH9l4gklw7q8Xf9ihQ_F-4DHUXdtJhtv7Vl0dnd11uW7IuiqnXSA2GRBG2gDJ8kh-41dYRdHW5JYShf9ROQjj-nSYqTIuxHdDCPh4dqvZEnytQgxwCm54z3F4JUNTiijitI1XSYkloTQ6Y-ng6VUZtu4vKAf1bifFoFqWe_hzC_JY8yuSNhUKcZ-Ncxw1sa2BycEMhGLoNki5cA8liEkMtli9zA9IIqeCksaO0y1PPs58.kYxgy2Ib_fUJ1z8tkOPBeZWY2E4Eev3AQe8m2G1W9wE&dib_tag=se&keywords=CPUs&qid=1760137840&s=computers&sr=1-41&ts_id=430352031&xpid=UQCCgQUsPuTWu,N/A,8,,3.60,,LGA1151
"Intel Core i3-9300 processeur 3,7 GHz 8 Mo Smart Cache Boîte",https://www.amazon.fr/Intel-i3-9300-processeur-Bo%C3%AEte-Smart/dp/B07S8DWC81/ref=sr_1_42?c=ts&dib=eyJ2IjoiMSJ9.2wUvR2Y7eHLYCeWK3H8nX6XdpwJrUlq7H_rqHopMu1v-v4eveNmU2_Q1LpERI4JH9l4gklw7q8Xf9ihQ_F-4DHUXdtJhtv7Vl0dnd11uW7IuiqnXSA2GRBG2gDJ8kh-41dYRdHW5JYShf9ROQjj-nSYqTIuxHdDCPh4dqvZEnytQgxwCm54z3F4JUNTiijitI1XSYkloTQ6Y-ng6VUZtu4vKAf1bifFoFqWe_hzC_JY8yuSNhUKcZ-Ncxw1sa2BycEMhGLoNki5cA8liEkMtli9zA9IIqeCksaO0y1PPs58.kYxgy2Ib_fUJ1z8tkOPBeZWY2E4Eev3AQe8m2G1W9wE&dib_tag=se&keywords=CPUs&qid=1760137840&s=computers&sr=1-42&ts_id=430352031&xpid=UQCCgQUsPuTWu,N/A,,,3.7,8,
INTEL Core i7 10700 2 90GHz LGA1200,https://www.amazon.fr/Intel-Core-i7-10700-Basistakt-LGA1200/dp/B0883NPRL9/ref=sr_1_43?c=ts&dib=eyJ2IjoiMSJ9.2wUvR2Y7eHLYCeWK3H8nX6XdpwJrUlq7H_rqHopMu1v-v4eveNmU2_Q1LpERI4JH9l4gklw7q8Xf9ihQ_F-4DHUXdtJhtv7Vl0dnd11uW7IuiqnXSA2GRBG2gDJ8kh-41dYRdHW5JYShf9ROQjj-nSYqTIuxHdDCPh4dqvZEnytQgxwCm54z3F4JUNTiijitI1XSYkloTQ6Y-ng6VUZtu4vKAf1bifFoFqWe_hzC_JY8yuSNhUKcZ-Ncxw1sa2BycEMhGLoNki5cA8liEkMtli9zA9IIqeCksaO0y1PPs58.kYxgy2Ib_fUJ1z8tkOPBeZWY2E4Eev3AQe8m2G1W9wE&dib_tag=se&keywords=CPUs&qid=1760137840&s=computers&sr=1-43&ts_id=430352031&xpid=UQCCgQUsPuTWu,N/A,,,90,,LGA1200
AMD Ryzen 7 7700X Plateau 36 unités,https://www.amazon.fr/AMD-Ryzen-7700X-Tray-Units/dp/B0BXH1PMR6/ref=sr_1_44?c=ts&dib=eyJ2IjoiMSJ9.2wUvR2Y7eHLYCeWK3H8nX6XdpwJrUlq7H_rqHopMu1v-v4eveNmU2_Q1LpERI4JH9l4gklw7q8Xf9ihQ_F-4DHUXdtJhtv7Vl0dnd11uW7IuiqnXSA2GRBG2gDJ8kh-41dYRdHW5JYShf9ROQjj-nSYqTIuxHdDCPh4dqvZEnytQgxwCm54z3F4JUNTiijitI1XSYkloTQ6Y-ng6VUZtu4vKAf1bifFoFqWe_hzC_JY8yuSNhUKcZ-Ncxw1sa2BycEMhGLoNki5cA8liEkMtli9zA9IIqeCksaO0y1PPs58.kYxgy2Ib_fUJ1z8tkOPBeZWY2E4Eev3AQe8m2G1W9wE&dib_tag=se&keywords=CPUs&qid=1760137840&s=computers&sr=1-44&ts_id=430352031&xpid=UQCCgQUsPuTWu,N/A,,,,,
"Processeur/Core i5-12400 4,40 GHz LGA1700 Plateau",https://www.amazon.fr/Intel-Core-i5-12400-Plateau-LGA1700/dp/B09QG2TJNN/ref=sr_1_45?c=ts&dib=eyJ2IjoiMSJ9.2wUvR2Y7eHLYCeWK3H8nX6XdpwJrUlq7H_rqHopMu1v-v4eveNmU2_Q1LpERI4JH9l4gklw7q8Xf9ihQ_F-4DHUXdtJhtv7Vl0dnd11uW7IuiqnXSA2GRBG2gDJ8kh-41dYRdHW5JYShf9ROQjj-nSYqTIuxHdDCPh4dqvZEnytQgxwCm54z3F4JUNTiijitI1XSYkloTQ6Y-ng6VUZtu4vKAf1bifFoFqWe_hzC_JY8yuSNhUKcZ-Ncxw1sa2BycEMhGLoNki5cA8liEkMtli9zA9IIqeCksaO0y1PPs58.kYxgy2Ib_fUJ1z8tkOPBeZWY2E4Eev3AQe8m2G1W9wE&dib_tag=se&keywords=CPUs&qid=1760137840&s=computers&sr=1-45&ts_id=430352031&xpid=UQCCgQUsPuTWu,"220,42 €",,,4.40,,LGA1700
"Intel Processeur Core I7 I7-6700 Quad-Core 4 Coeurs 3,40 GHz - Socket H4 Lga-1151-1 Mo - Cache 8 Mo",https://www.amazon.fr/Intel-I7-6700-Quad-Core-Socket-Lga-1151-1MB/dp/B07RYQ4VDQ/ref=sr_1_46?c=ts&dib=eyJ2IjoiMSJ9.2wUvR2Y7eHLYCeWK3H8nX6XdpwJrUlq7H_rqHopMu1v-v4eveNmU2_Q1LpERI4JH9l4gklw7q8Xf9ihQ_F-4DHUXdtJhtv7Vl0dnd11uW7IuiqnXSA2GRBG2gDJ8kh-41dYRdHW5JYShf9ROQjj-nSYqTIuxHdDCPh4dqvZEnytQgxwCm54z3F4JUNTiijitI1XSYkloTQ6Y-ng6VUZtu4vKAf1bifFoFqWe_hzC_JY8yuSNhUKcZ-Ncxw1sa2BycEMhGLoNki5cA8liEkMtli9zA9IIqeCksaO0y1PPs58.kYxgy2Ib_fUJ1z8tkOPBeZWY2E4Eev3AQe8m2G1W9wE&dib_tag=se&keywords=CPUs&qid=1760137840&s=computers&sr=1-46&ts_id=430352031&xpid=UQCCgQUsPuTWu,"119,90 €",4,,3.40,1,Lga1151
"Intel Core i7-7700K Processeur débloqué 8 Mo de cache, jusqu'à 4,50 GHz, Quad-Core Kaby Lake",https://www.amazon.fr/Intel-i7-7700K-Processeur-d%C3%A9bloqu%C3%A9-Quad-Core/dp/B01N30X8NM/ref=sr_1_47?c=ts&dib=eyJ2IjoiMSJ9.2wUvR2Y7eHLYCeWK3H8nX6XdpwJrUlq7H_rqHopMu1v-v4eveNmU2_Q1LpERI4JH9l4gklw7q8Xf9ihQ_F-4DHUXdtJhtv7Vl0dnd11uW7IuiqnXSA2GRBG2gDJ8kh-41dYRdHW5JYShf9ROQjj-nSYqTIuxHdDCPh4dqvZEnytQgxwCm54z3F4JUNTiijitI1XSYkloTQ6Y-ng6VUZtu4vKAf1bifFoFqWe_hzC_JY8yuSNhUKcZ-Ncxw1sa2BycEMhGLoNki5cA8liEkMtli9zA9IIqeCksaO0y1PPs58.kYxgy2Ib_fUJ1z8tkOPBeZWY2E4Eev3AQe8m2G1W9wE&dib_tag=se&keywords=CPUs&qid=1760137840&s=computers&sr=1-47&ts_id=430352031&xpid=UQCCgQUsPuTWu,N/A,,,4.50,8,
"Intel® Core™ i9-12900KF, processeur pour PC de Bureau, 16 cœurs (8P+8E) jusqu'à 5,2 GHz, LGA1700, chipset série 600 125 W",https://www.amazon.fr/Processeur-Intel-Core-i9-12900KF-BX8071512900KF/dp/B09GYHRNBL/ref=sr_1_48?c=ts&dib=eyJ2IjoiMSJ9.2wUvR2Y7eHLYCeWK3H8nX6XdpwJrUlq7H_rqHopMu1v-v4eveNmU2_Q1LpERI4JH9l4gklw7q8Xf9ihQ_F-4DHUXdtJhtv7Vl0dnd11uW7IuiqnXSA2GRBG2gDJ8kh-41dYRdHW5JYShf9ROQjj-nSYqTIuxHdDCPh4dqvZEnytQgxwCm54z3F4JUNTiijitI1XSYkloTQ6Y-ng6VUZtu4vKAf1bifFoFqWe_hzC_JY8yuSNhUKcZ-Ncxw1sa2BycEMhGLoNki5cA8liEkMtli9zA9IIqeCksaO0y1PPs58.kYxgy2Ib_fUJ1z8tkOPBeZWY2E4Eev3AQe8m2G1W9wE&dib_tag=se&keywords=CPUs&qid=1760137840&s=computers&sr=1-48&ts_id=430352031&xpid=UQCCgQUsPuTWu,N/A,,,5.2,,LGA1700
"Intel Xeon E5-2660 v3 Processeur Intel Xeon E5 v3, 2,6 GHz, LGA 2011-v3, 768 Go, DDR4-SDRAM, 1600,2133 MHz",https://www.amazon.fr/Intel-2660-V3-Processeur-ddr4-sdram-2133-MHz/dp/B00NFNZ0D6/ref=sr_1_49?c=ts&dib=eyJ2IjoiMSJ9.WnfkaYMRM8zb3BA-76pprO9kK597YYO4Q4ndVXRSh9aoMeUxK5ci97QKLexaoz--Q_UpHYD_Aho4ulV_On7Fra5UjkmDgYq8MhiUsX7Q7em1M9bw58BlyRO49zWh4kvOYG-0uWdmTS0nhwcyOsivY2BjPmW-Cc6KNCGbBtRY5VU70YOqiWsMxpB5bs-aYGuPxRN3DjTmx_GekzBwMFgmN-4AlbhodbRI5GBcoMZamDvtOQ-yTtslc8FCouR2jtfymVZWCaMr8GS7f2rM6w-ewg.jEhk85wm3-iHFT6uoDPaMBCyT-UuWtZies9Clotrow8&dib_tag=se&keywords=CPUs&qid=1760137845&s=computers&sr=1-49&ts_id=430352031&xpid=UQCCgQUsPuTWu,N/A,,,2.6,,LGA2011
"AMD CPU, k6–2/550agr",https://www.amazon.fr/AMD-CPU-k6-2-550agr/dp/B00B871QZM/ref=sr_1_50?c=ts&dib=eyJ2IjoiMSJ9.WnfkaYMRM8zb3BA-76pprO9kK597YYO4Q4ndVXRSh9aoMeUxK5ci97QKLexaoz--Q_UpHYD_Aho4ulV_On7Fra5UjkmDgYq8MhiUsX7Q7em1M9bw58BlyRO49zWh4kvOYG-0uWdmTS0nhwcyOsivY2BjPmW-Cc6KNCGbBtRY5VU70YOqiWsMxpB5bs-aYGuPxRN3DjTmx_GekzBwMFgmN-4AlbhodbRI5GBcoMZamDvtOQ-yTtslc8FCouR2jtfymVZWCaMr8GS7f2rM6w-ewg.jEhk85wm3-iHFT6uoDPaMBCyT-UuWtZies9Clotrow8&dib_tag=se&keywords=CPUs&qid=1760137845&s=computers&sr=1-50&ts_id=430352031&xpid=UQCCgQUsPuTWu,N/A,,,,,
CPU Intel Core i5-12600K / LGA1700 / Box 10 Cores / 16 Threads / 20M Cache,https://www.amazon.fr/Intel-BX8071512600K-Core-I5-12600K-3-70GHZ/dp/B09FX4D72T/ref=sr_1_51?c=ts&dib=eyJ2IjoiMSJ9.WnfkaYMRM8zb3BA-76pprO9kK597YYO4Q4ndVXRSh9aoMeUxK5ci97QKLexaoz--Q_UpHYD_Aho4ulV_On7Fra5UjkmDgYq8MhiUsX7Q7em1M9bw58BlyRO49zWh4kvOYG-0uWdmTS0nhwcyOsivY2BjPmW-Cc6KNCGbBtRY5VU70YOqiWsMxpB5bs-aYGuPxRN3DjTmx_GekzBwMFgmN-4AlbhodbRI5GBcoMZamDvtOQ-yTtslc8FCouR2jtfymVZWCaMr8GS7f2rM6w-ewg.jEhk85wm3-iHFT6uoDPaMBCyT-UuWtZies9Clotrow8&dib_tag=se&keywords=CPUs&qid=1760137845&s=computers&sr=1-51&ts_id=430352031&xpid=UQCCgQUsPuTWu,N/A,10,16,,,LGA1700
"Processeur AMD Ryzen 5 3500X (6C/6T, 35 Mo de Cache, 4,1 GHz Max Boost)",https://www.amazon.fr/Ryzen-3500X-Processeur-m%C3%A9moire-Cache/dp/B082PB88GL/ref=sr_1_52?c=ts&dib=eyJ2IjoiMSJ9.WnfkaYMRM8zb3BA-76pprO9kK597YYO4Q4ndVXRSh9aoMeUxK5ci97QKLexaoz--Q_UpHYD_Aho4ulV_On7Fra5UjkmDgYq8MhiUsX7Q7em1M9bw58BlyRO49zWh4kvOYG-0uWdmTS0nhwcyOsivY2BjPmW-Cc6KNCGbBtRY5VU70YOqiWsMxpB5bs-aYGuPxRN3DjTmx_GekzBwMFgmN-4AlbhodbRI5GBcoMZamDvtOQ-yTtslc8FCouR2jtfymVZWCaMr8GS7f2rM6w-ewg.jEhk85wm3-iHFT6uoDPaMBCyT-UuWtZies9Clotrow8&dib_tag=se&keywords=CPUs&qid=1760137845&s=computers&sr=1-52&ts_id=430352031&xpid=UQCCgQUsPuTWu,N/A,6,6,4.1,35,
"Intel Xeon E5-2620 V4 Octa-core [8 cœur] Processeur 2,10 GHz Socket R3 [lga2011-3] Pack OEM 2 Mo 20 Mo Cache 20 Mo Qpi 8 Gt/s 64 bits Vitesse d'overclocking 3 GHz 14 Nm 85 W -",https://www.amazon.fr/Intel-CM8066002032201S-Processeur-Xeon-E5-2620/dp/B0745CL6NF/ref=sr_1_53?c=ts&dib=eyJ2IjoiMSJ9.WnfkaYMRM8zb3BA-76pprO9kK597YYO4Q4ndVXRSh9aoMeUxK5ci97QKLexaoz--Q_UpHYD_Aho4ulV_On7Fra5UjkmDgYq8MhiUsX7Q7em1M9bw58BlyRO49zWh4kvOYG-0uWdmTS0nhwcyOsivY2BjPmW-Cc6KNCGbBtRY5VU70YOqiWsMxpB5bs-aYGuPxRN3DjTmx_GekzBwMFgmN-4AlbhodbRI5GBcoMZamDvtOQ-yTtslc8FCouR2jtfymVZWCaMr8GS7f2rM6w-ewg.jEhk85wm3-iHFT6uoDPaMBCyT-UuWtZies9Clotrow8&dib_tag=se&keywords=CPUs&qid=1760137845&s=computers&sr=1-53&ts_id=430352031&xpid=UQCCgQUsPuTWu,N/A,,,2.10,2,lga2011
Processeur - 1 x Intel Core 2 Quad Q6600 / 2.4 GHz (1066 MHz) - LGA775 Socket - L2 8 Mo (2 x 4 Mo (4 Mo par Paire de noyaux)) - OEM,https://www.amazon.fr/Processeur-Intel-LGA775-Socket-noyaux/dp/B000YAVGL8/ref=sr_1_54?c=ts&dib=eyJ2IjoiMSJ9.WnfkaYMRM8zb3BA-76pprO9kK597YYO4Q4ndVXRSh9aoMeUxK5ci97QKLexaoz--Q_UpHYD_Aho4ulV_On7Fra5UjkmDgYq8MhiUsX7Q7em1M9bw58BlyRO49zWh4kvOYG-0uWdmTS0nhwcyOsivY2BjPmW-Cc6KNCGbBtRY5VU70YOqiWsMxpB5bs-aYGuPxRN3DjTmx_GekzBwMFgmN-4AlbhodbRI5GBcoMZamDvtOQ-yTtslc8FCouR2jtfymVZWCaMr8GS7f2rM6w-ewg.jEhk85wm3-iHFT6uoDPaMBCyT-UuWtZies9Clotrow8&dib_tag=se&keywords=CPUs&qid=1760137845&s=computers&sr=1-54&ts_id=430352031&xpid=UQCCgQUsPuTWu,N/A,,,2.4,8,LGA775
"Intel Processeur Core i7 3770S / 3,1 GHz",https://www.amazon.fr/Intel-CM8063701211900-Core-I7-3770s-3-10ghz/dp/B009ZMXP1K/ref=sr_1_55?c=ts&dib=eyJ2IjoiMSJ9.WnfkaYMRM8zb3BA-76pprO9kK597YYO4Q4ndVXRSh9aoMeUxK5ci97QKLexaoz--Q_UpHYD_Aho4ulV_On7Fra5UjkmDgYq8MhiUsX7Q7em1M9bw58BlyRO49zWh4kvOYG-0uWdmTS0nhwcyOsivY2BjPmW-Cc6KNCGbBtRY5VU70YOqiWsMxpB5bs-aYGuPxRN3DjTmx_GekzBwMFgmN-4AlbhodbRI5GBcoMZamDvtOQ-yTtslc8FCouR2jtfymVZWCaMr8GS7f2rM6w-ewg.jEhk85wm3-iHFT6uoDPaMBCyT-UuWtZies9Clotrow8&dib_tag=se&keywords=CPUs&qid=1760137845&s=computers&sr=1-55&ts_id=430352031&xpid=UQCCgQUsPuTWu,N/A,,,3.1,,
Intel CORE I5-13400F 2.50GHZ,https://www.amazon.fr/Intel-BX8071513400F-CORE-I5-13400F-2-50GHZ/dp/B0BQ6BRL4T/ref=sr_1_56?c=ts&dib=eyJ2IjoiMSJ9.WnfkaYMRM8zb3BA-76pprO9kK597YYO4Q4ndVXRSh9aoMeUxK5ci97QKLexaoz--Q_UpHYD_Aho4ulV_On7Fra5UjkmDgYq8MhiUsX7Q7em1M9bw58BlyRO49zWh4kvOYG-0uWdmTS0nhwcyOsivY2BjPmW-Cc6KNCGbBtRY5VU70YOqiWsMxpB5bs-aYGuPxRN3DjTmx_GekzBwMFgmN-4AlbhodbRI5GBcoMZamDvtOQ-yTtslc8FCouR2jtfymVZWCaMr8GS7f2rM6w-ewg.jEhk85wm3-iHFT6uoDPaMBCyT-UuWtZies9Clotrow8&dib_tag=se&keywords=CPUs&qid=1760137845&s=computers&sr=1-56&ts_id=430352031&xpid=UQCCgQUsPuTWu,N/A,,,2.50,,
"Intel 630 Processeur (Intel® Pentium® 4, 3 GHz, Socket T (LGA 775), 90 nm, 800 MHz, Intel Pentium 4 600 Series Supporting Hyper-Threading Technology)",https://www.amazon.fr/Intel-Pentium-Processeur-COMPRIME-LATERAL/dp/B000GNPUPQ/ref=sr_1_57?c=ts&dib=eyJ2IjoiMSJ9.WnfkaYMRM8zb3BA-76pprO9kK597YYO4Q4ndVXRSh9aoMeUxK5ci97QKLexaoz--Q_UpHYD_Aho4ulV_On7Fra5UjkmDgYq8MhiUsX7Q7em1M9bw58BlyRO49zWh4kvOYG-0uWdmTS0nhwcyOsivY2BjPmW-Cc6KNCGbBtRY5VU70YOqiWsMxpB5bs-aYGuPxRN3DjTmx_GekzBwMFgmN-4AlbhodbRI5GBcoMZamDvtOQ-yTtslc8FCouR2jtfymVZWCaMr8GS7f2rM6w-ewg.jEhk85wm3-iHFT6uoDPaMBCyT-UuWtZies9Clotrow8&dib_tag=se&keywords=CPUs&qid=1760137845&s=computers&sr=1-57&ts_id=430352031&xpid=UQCCgQUsPuTWu,"170,31 €",,,3,,LGA775
Intel BX80646I54590S Processeur Core i5-4590S 3 GHz 4 cœurs Socket LGA1150 Box,https://www.amazon.fr/Intel-Haswell-Processeur-i5-4590S-BX80646I54590S/dp/B00JY3EK1O/ref=sr_1_58?c=ts&dib=eyJ2IjoiMSJ9.WnfkaYMRM8zb3BA-76pprO9kK597YYO4Q4ndVXRSh9aoMeUxK5ci97QKLexaoz--Q_UpHYD_Aho4ulV_On7Fra5UjkmDgYq8MhiUsX7Q7em1M9bw58BlyRO49zWh4kvOYG-0uWdmTS0nhwcyOsivY2BjPmW-Cc6KNCGbBtRY5VU70YOqiWsMxpB5bs-aYGuPxRN3DjTmx_GekzBwMFgmN-4AlbhodbRI5GBcoMZamDvtOQ-yTtslc8FCouR2jtfymVZWCaMr8GS7f2rM6w-ewg.jEhk85wm3-iHFT6uoDPaMBCyT-UuWtZies9Clotrow8&dib_tag=se&keywords=CPUs&qid=1760137845&s=computers&sr=1-58&ts_id=430352031&xpid=UQCCgQUsPuTWu,"109,38 €",,,3,,LGA1150
"Intel Core i9-14900F Processeur de bureau 24 cœurs (8 cœurs P + 16 cœurs E) jusqu'à 5,8 GHz",https://www.amazon.fr/Intel-i9-14900F-Processeur-bureau-jusqu%C3%A0/dp/B0CQ1FC8WZ/ref=sr_1_59?c=ts&dib=eyJ2IjoiMSJ9.WnfkaYMRM8zb3BA-76pprO9kK597YYO4Q4ndVXRSh9aoMeUxK5ci97QKLexaoz--Q_UpHYD_Aho4ulV_On7Fra5UjkmDgYq8MhiUsX7Q7em1M9bw58BlyRO49zWh4kvOYG-0uWdmTS0nhwcyOsivY2BjPmW-Cc6KNCGbBtRY5VU70YOqiWsMxpB5bs-aYGuPxRN3DjTmx_GekzBwMFgmN-4AlbhodbRI5GBcoMZamDvtOQ-yTtslc8FCouR2jtfymVZWCaMr8GS7f2rM6w-ewg.jEhk85wm3-iHFT6uoDPaMBCyT-UuWtZies9Clotrow8&dib_tag=se&keywords=CPUs&qid=1760137845&s=computers&sr=1-59&ts_id=430352031&xpid=UQCCgQUsPuTWu,N/A,,,5.8,,
CPU Intel Core i7-12700K / LGA1700 / Box 12 Cores / 20 Threads / 25M Cache,https://www.amazon.fr/Processeur-Intel-Core-i7-12700K-BX8071512700K/dp/B09GYJ5P98/ref=sr_1_60?c=ts&dib=eyJ2IjoiMSJ9.WnfkaYMRM8zb3BA-76pprO9kK597YYO4Q4ndVXRSh9aoMeUxK5ci97QKLexaoz--Q_UpHYD_Aho4ulV_On7Fra5UjkmDgYq8MhiUsX7Q7em1M9bw58BlyRO49zWh4kvOYG-0uWdmTS0nhwcyOsivY2BjPmW-Cc6KNCGbBtRY5VU70YOqiWsMxpB5bs-aYGuPxRN3DjTmx_GekzBwMFgmN-4AlbhodbRI5GBcoMZamDvtOQ-yTtslc8FCouR2jtfymVZWCaMr8GS7f2rM6w-ewg.jEhk85wm3-iHFT6uoDPaMBCyT-UuWtZies9Clotrow8&dib_tag=se&keywords=CPUs&qid=1760137845&s=computers&sr=1-60&ts_id=430352031&xpid=UQCCgQUsPuTWu,N/A,12,20,,,LGA1700
"Intel® Core™ i5 i5-13600K Processeur 14 x 3,5 GHz (CPU) Tray Socket (PC) 1700",https://www.amazon.fr/Intel%C2%AE-CoreTM-i5-13600K-Processeur-Socket/dp/B0BS98MM6K/ref=sr_1_61?c=ts&dib=eyJ2IjoiMSJ9.WnfkaYMRM8zb3BA-76pprO9kK597YYO4Q4ndVXRSh9aoMeUxK5ci97QKLexaoz--Q_UpHYD_Aho4ulV_On7Fra5UjkmDgYq8MhiUsX7Q7em1M9bw58BlyRO49zWh4kvOYG-0uWdmTS0nhwcyOsivY2BjPmW-Cc6KNCGbBtRY5VU70YOqiWsMxpB5bs-aYGuPxRN3DjTmx_GekzBwMFgmN-4AlbhodbRI5GBcoMZamDvtOQ-yTtslc8FCouR2jtfymVZWCaMr8GS7f2rM6w-ewg.jEhk85wm3-iHFT6uoDPaMBCyT-UuWtZies9Clotrow8&dib_tag=se&keywords=CPUs&qid=1760137845&s=computers&sr=1-61&ts_id=430352031&xpid=UQCCgQUsPuTWu,N/A,,,3.5,,
"AMD Ryzen 3 2200G avec Carte Graphique Radeon RX Vega 8, S AM4, Quad Core, 4 Fils, 3, 5 GHz, 3, 7 GHz Turbo, 4 Mo, 65 W, CPU",https://www.amazon.fr/AMD-Ryzen-2200G-Graphique-Radeon/dp/B07HYBBJNQ/ref=sr_1_62?c=ts&dib=eyJ2IjoiMSJ9.WnfkaYMRM8zb3BA-76pprO9kK597YYO4Q4ndVXRSh9aoMeUxK5ci97QKLexaoz--Q_UpHYD_Aho4ulV_On7Fra5UjkmDgYq8MhiUsX7Q7em1M9bw58BlyRO49zWh4kvOYG-0uWdmTS0nhwcyOsivY2BjPmW-Cc6KNCGbBtRY5VU70YOqiWsMxpB5bs-aYGuPxRN3DjTmx_GekzBwMFgmN-4AlbhodbRI5GBcoMZamDvtOQ-yTtslc8FCouR2jtfymVZWCaMr8GS7f2rM6w-ewg.jEhk85wm3-iHFT6uoDPaMBCyT-UuWtZies9Clotrow8&dib_tag=se&keywords=CPUs&qid=1760137845&s=computers&sr=1-62&ts_id=430352031&xpid=UQCCgQUsPuTWu,N/A,,,5,4,AM4
CPU pour Xeon X5650 Six-Core Twelve Threads 2.66GHz 12M Cache LGA1366 CPU Official Version,https://www.amazon.fr/Six-Core-Threads-2-66GHz-LGA1366-Official/dp/B085224241/ref=sr_1_63?c=ts&dib=eyJ2IjoiMSJ9.WnfkaYMRM8zb3BA-76pprO9kK597YYO4Q4ndVXRSh9aoMeUxK5ci97QKLexaoz--Q_UpHYD_Aho4ulV_On7Fra5UjkmDgYq8MhiUsX7Q7em1M9bw58BlyRO49zWh4kvOYG-0uWdmTS0nhwcyOsivY2BjPmW-Cc6KNCGbBtRY5VU70YOqiWsMxpB5bs-aYGuPxRN3DjTmx_GekzBwMFgmN-4AlbhodbRI5GBcoMZamDvtOQ-yTtslc8FCouR2jtfymVZWCaMr8GS7f2rM6w-ewg.jEhk85wm3-iHFT6uoDPaMBCyT-UuWtZies9Clotrow8&dib_tag=se&keywords=CPUs&qid=1760137845&s=computers&sr=1-63&ts_id=430352031&xpid=UQCCgQUsPuTWu,"15,89 €",,,2.66,,LGA1366
"Intel Core i7-4770S processeur 3,1 GHz 8 Mo L3 - Processeurs (Intel® Core™ i7 de 4e génération, 3,1 GHz, LGA 1150 (Emplacement H3), PC, 22 nm, i7-4770S)",https://www.amazon.fr/Intel-Core-i7-4770S-3-1GHz-processeur/dp/B00GL6W3EI/ref=sr_1_64?c=ts&dib=eyJ2IjoiMSJ9.WnfkaYMRM8zb3BA-76pprO9kK597YYO4Q4ndVXRSh9aoMeUxK5ci97QKLexaoz--Q_UpHYD_Aho4ulV_On7Fra5UjkmDgYq8MhiUsX7Q7em1M9bw58BlyRO49zWh4kvOYG-0uWdmTS0nhwcyOsivY2BjPmW-Cc6KNCGbBtRY5VU70YOqiWsMxpB5bs-aYGuPxRN3DjTmx_GekzBwMFgmN-4AlbhodbRI5GBcoMZamDvtOQ-yTtslc8FCouR2jtfymVZWCaMr8GS7f2rM6w-ewg.jEhk85wm3-iHFT6uoDPaMBCyT-UuWtZies9Clotrow8&dib_tag=se&keywords=CPUs&qid=1760137845&s=computers&sr=1-64&ts_id=430352031&xpid=UQCCgQUsPuTWu,N/A,,,3.1,8,LGA1150
"Intel Core i7-4770S processeur 3,1 GHz 8 Mo L3",https://www.amazon.fr/Intel-Core-i7-4770S-processeur-GHz/dp/B00E7QJ14Y/ref=sr_1_65?c=ts&dib=eyJ2IjoiMSJ9.WnfkaYMRM8zb3BA-76pprO9kK597YYO4Q4ndVXRSh9aoMeUxK5ci97QKLexaoz--Q_UpHYD_Aho4ulV_On7Fra5UjkmDgYq8MhiUsX7Q7em1M9bw58BlyRO49zWh4kvOYG-0uWdmTS0nhwcyOsivY2BjPmW-Cc6KNCGbBtRY5VU70YOqiWsMxpB5bs-aYGuPxRN3DjTmx_GekzBwMFgmN-4AlbhodbRI5GBcoMZamDvtOQ-yTtslc8FCouR2jtfymVZWCaMr8GS7f2rM6w-ewg.jEhk85wm3-iHFT6uoDPaMBCyT-UuWtZies9Clotrow8&dib_tag=se&keywords=CPUs&qid=1760137845&s=computers&sr=1-65&ts_id=430352031&xpid=UQCCgQUsPuTWu,N/A,,,3.1,8,
"Intel® Core™ i9-12900K, processeur pour PC de Bureau, 16 cœurs (8P+8E) jusqu'à 5,2 GHz, LGA1700, chipset série 600 125 W",https://www.amazon.fr/Intel-Core-i9-12900K-3-2-GHz/dp/B09GYLB4J6/ref=sr_1_66?c=ts&dib=eyJ2IjoiMSJ9.WnfkaYMRM8zb3BA-76pprO9kK597YYO4Q4ndVXRSh9aoMeUxK5ci97QKLexaoz--Q_UpHYD_Aho4ulV_On7Fra5UjkmDgYq8MhiUsX7Q7em1M9bw58BlyRO49zWh4kvOYG-0uWdmTS0nhwcyOsivY2BjPmW-Cc6KNCGbBtRY5VU70YOqiWsMxpB5bs-aYGuPxRN3DjTmx_GekzBwMFgmN-4AlbhodbRI5GBcoMZamDvtOQ-yTtslc8FCouR2jtfymVZWCaMr8GS7f2rM6w-ewg.jEhk85wm3-iHFT6uoDPaMBCyT-UuWtZies9Clotrow8&dib_tag=se&keywords=CPUs&qid=1760137845&s=computers&sr=1-66&ts_id=430352031&xpid=UQCCgQUsPuTWu,N/A,,,5.2,,LGA1700
